day_index,date,labeled_iran_waves,mean_zone_count,median_zone_count,broad_fraction
0,2026-02-28,11,402.54545454545456,355.0,1.0
1,2026-03-01,10,391.3,223.5,0.9
2,2026-03-02,5,404.2,316.0,1.0
3,2026-03-03,7,336.14285714285717,233.0,0.8571428571428571
4,2026-03-04,5,235.4,272.0,0.8
5,2026-03-05,7,193.14285714285714,212.0,0.8571428571428571
6,2026-03-06,4,197.5,195.0,1.0
7,2026-03-07,12,215.75,250.0,0.9166666666666666
8,2026-03-08,8,273.75,255.5,1.0
9,2026-03-09,12,209.08333333333334,204.5,0.8333333333333334
10,2026-03-10,6,329.1666666666667,317.0,1.0
11,2026-03-11,5,289.0,287.0,1.0
12,2026-03-12,4,213.75,217.5,1.0
13,2026-03-13,7,228.85714285714286,256.0,0.8571428571428571
14,2026-03-14,6,156.33333333333334,138.0,0.8333333333333334
15,2026-03-15,5,80.0,33.0,0.6
16,2026-03-16,7,261.2857142857143,231.0,1.0
17,2026-03-17,9,178.11111111111111,135.0,0.7777777777777778
18,2026-03-18,11,128.54545454545453,117.0,0.9090909090909091
19,2026-03-19,13,178.15384615384616,165.0,1.0
20,2026-03-20,9,224.11111111111111,165.0,0.8888888888888888
21,2026-03-21,8,59.875,18.0,0.375
22,2026-03-22,9,133.11111111111111,130.0,0.8888888888888888
23,2026-03-23,5,153.4,168.0,0.6
24,2026-03-24,12,104.25,103.5,0.9166666666666666
25,2026-03-25,7,123.28571428571429,36.0,0.5714285714285714
26,2026-03-26,10,230.3,219.0,1.0
27,2026-03-27,6,226.16666666666666,213.0,1.0
28,2026-03-28,7,111.71428571428571,69.0,0.7142857142857143
29,2026-03-29,8,86.0,68.0,0.625
30,2026-03-30,7,113.28571428571429,81.0,0.5714285714285714
31,2026-03-31,3,186.33333333333334,173.0,1.0
32,2026-04-01,6,223.83333333333334,199.5,1.0
33,2026-04-02,6,255.66666666666666,253.0,1.0
34,2026-04-03,5,222.4,227.0,1.0
35,2026-04-04,7,161.71428571428572,176.0,1.0
36,2026-04-05,5,127.8,149.0,1.0
37,2026-04-06,6,225.0,212.0,1.0
38,2026-04-07,8,152.125,152.0,0.875
39,2026-04-08,3,149.0,180.0,1.0
