שם עיר,קהילה
מטולה,1
תל חי,1
מרגליות,1
מנרה,1
קריית שמונה,1
כפר גלעדי,1
משגב עם,1
אזור תעשייה תרדיון,2
עראבה,2
עכו - אזור תעשייה,2
אשחר,2
קריית מוצקין,2
טפחות,2
כפר חסידים,2
דמיידה,2
אזור תעשייה קריית ביאליק,2
אושה,2
חיפה - נווה שאנן ורמות כרמל,2
מרכז אזורי משגב,2
"חיפה - כרמל, הדר ועיר תחתית",2
הררית יחד,2
נופית,2
שעב,2
הושעיה,2
אחיהוד,2
כעביה טבאש,2
חיפה - מערב,2
קורנית,2
רקפת,2
ג'דידה מכר,2
כפר ביאליק,2
בסמת טבעון,2
בית רימון,2
מצפה אבי''ב,2
קריית ים,2
בית עלמין תל רגב,2
שפרעם,2
חיפה - בת גלים ק.אליעזר,2
כאוכב אבו אלהיג'א,2
הרדוף,2
ראס עלי,2
סכנין,2
עכו - רמות ים,2
גבעת וולפסון,2
אזור תעשייה בר-לב,2
חנתון,2
אבטליון,2
הסוללים,2
עספיא,2
מע'אר,2
כפר המכבי,2
עצמון - שגב,2
איבטין,2
עכו,2
אזור תעשייה שער נעמן,2
רומת אל הייב,2
עין המפרץ,2
בית העלמין החדש עכו,2
אפק,2
קריית אתא,2
ערב אל נעים,2
לוטם וחמדון,2
דיר חנא,2
ביר אלמכסור,2
טמרה,2
כפר ח'וואלד,2
כפר מנדא,2
קריית ביאליק,2
סואעד חמירה,2
יסעור,2
יודפת,2
רכסים,2
אלון הגליל,2
יגור,2
כפר מסריק,2
אלוני אבא,2
נשר,2
"עוזייר, רומאנה",2
חיפה - מפרץ,2
רמת יוחנן,2
עדי,2
יעד,2
שורשים,2
כאבול,2
מורשת,2
חיפה - קריית חיים ושמואל,2
בית אורן,2
בית סוהר קישון,2
יובלים,2
מנוף,2
אעבלין,2
שכניה,2
אשבל,2
לימן,3
שלומי,3
מצובה,3
בצת,3
חוף אכזיב,3
נהריה,3
חניתה,3
סער,3
איזור תעשייה מילואות צפון,3
גשר הזיו,3
בענה,4
מכמנים - כמאנה מערבית,4
אזור תעשייה כרמיאל,4
מעלה צביה,4
תובל,4
חוסנייה,4
לבון,4
דיר אל-אסד,4
צורית גילון,4
נחף,4
כרמיאל,4
מג'דל כרום,4
חשמונאים,5
עזריה,5
חוות פריאל,5
נחלים,5
עשרת,5
קבוצת יבנה,5
קידה,5
שילה,5
צופית,5
מיני ישראל - נחשון,5
הרצליה - מרכז וגליל ים,5
יבוא דודי,5
גזר,5
משמר השבעה,5
סתריה,5
מעלה לבונה,5
בן זכאי,5
מכינת אלישע,5
בית עוזיאל,5
נס ציונה,5
שורש,5
טירת יהודה,5
"חוות נוף אב""י",5
אש קודש,5
חוות גלעד,5
עמנואל,5
חוות שוביאל,5
מעלה מכמש,5
יגל,5
אבו גוש,5
פארק אריאל שרון,5
אזור תעשייה אריאל,5
פסגות,5
סביון,5
חדיד,5
חצב,5
אור יהודה,5
צלפון,5
גבעת השלושה,5
בית עובד,5
הר ברכה,5
עפרה,5
געש,5
ישרש,5
כפר סירקין,5
עיינות,5
גדרה,5
מודיעין - ליגד סנטר,5
לוד,5
עופרים,5
יקיר,5
כפר נוער בן שמן,5
גבעת ברנר,5
חוות יאיר,5
החווה של זוהר,5
בית נקופה,5
כפר בן נון,5
לטרון,5
אירוס,5
נווה אילן,5
חוות ינון,5
חוות ראש תאנה,5
מתחם גלילות,5
תחנת רכבת ראש העין,5
רחובות,5
חוות בניהו,5
גני תקווה,5
רימונים,5
רחלים,5
דורות עילית,5
נטעים,5
חרות,5
"נוף איילון, שעלבים",5
משמרת,5
כרם ביבנה,5
נאות קדומים,5
שדה אפרים,5
הר אדר,5
באר יעקב,5
יד השמונה,5
גבעת הראל,5
חוות חנינא,5
חוות נווה צוף,5
נחשון,5
גבעת שמואל,5
כפר חב''ד,5
בית חנן,5
אייל,5
כוכב יאיר - צור יגאל,5
משמר איילון,5
בית ברל,5
כפר רות,5
רינתיה,5
קריית יערים,5
חוות מגדלים,5
רמלה,5
בני עטרות,5
רשפון,5
מצפור פצאל,5
ניר גלים,5
גני הדר,5
גת רימון,5
כפר הס,5
מעון צופיה,5
בן שמן,5
בית מאיר,5
גבעת כ''ח,5
אלעד,5
תעשיון צריפין,5
גנות,5
חוות עולם חסד,5
גן יבנה,5
צרעה,5
גבעון החדשה,5
עמיחי,5
גבעת זאב,5
גבע בנימין,5
גמזו,5
מסילת ציון,5
בית עלמין מורשה,5
תרום,5
כפר האורנים,5
צפריה,5
כפר ברא,5
חוות שדה,5
גן שורק,5
גני עם,5
גיתית,5
מבוא מודיעים,5
קרני שומרון,5
תל אביב - דרום העיר ויפו,5
מקווה ישראל,5
קריית נטפים,5
מוצא עילית,5
תל ציון,5
יד רמב''ם,5
גני יוחנן,5
נופך,5
נווה מבטח,5
יד בנימין,5
חוות נחל שילה,5
חפץ חיים,5
נריה,5
נען,5
גן הדרום,5
מעש,5
מבואות יריחו,5
חוות הרשאש,5
מישר,5
אזור תעשייה נשר - רמלה,5
קדומים,5
בני ציון,5
מגשימים,5
מלאכי השלום,5
משמר דוד,5
קריית עקרון,5
עין ראפה,5
פלמחים,5
רמות מאיר,5
יציץ,5
חוות אביחי,5
אזור תעשייה הר טוב - צרעה,5
אזור תעשייה כנות,5
נווה ימין,5
גבעת וושינגטון,5
ירושלים - אזור תעשייה עטרות,5
בית אלעזרי,5
ברוכין,5
נווה ארז,5
רמת הכובש,5
שפיים,5
אורנית,5
בני עי''ש,5
גינתון,5
שבות רחל,5
גבעת יערים,5
ניר צבי,5
ביצרון,5
גן חיים,5
כפר מל''ל,5
אשדוד - איזור תעשייה צפוני,5
ארסוף,5
מבשרת ציון,5
כפר מרדכי,5
חרוצים,5
נופי נחמיה,5
רמת גן - מערב,5
נעלה,5
פארק תעשיות פלמחים,5
כפר הנוער קריית יערים,5
בני ברק,5
גבעתיים,5
כפר שמריהו,5
ניר אליהו,5
טירה,5
החווה של יאיא,5
הוד השרון,5
מגרון,5
שוהם,5
כנות,5
מזור,5
נצר סרני,5
יבנה,5
בית גמליאל,5
גבעת הרואה,5
זיתן,5
נווה שלום,5
יהוד מונוסון,5
תל אביב - מזרח,5
ירחיב,5
מתתיהו,5
תעוז,5
כפר סבא,5
גבעת חן,5
חמד,5
כפר עבודה,5
תל אביב - עבר הירקון,5
נופים,5
איתמר,5
מעלה החמישה,5
אזור תעשייה רבדים,5
רבבה,5
בארות יצחק,5
כוכב השחר,5
יצהר,5
כרם רעים,5
רמת השרון,5
שדי חמד,5
עטרת,5
אחיעזר,5
אביתר,5
אלקנה,5
כפר ביל''ו,5
מודיעין עילית,5
גיזו,5
גן שלמה,5
לפיד,5
בני דרום,5
עזריאל,5
נירית,5
עץ אפרים,5
כפר אביב,5
גני טל,5
אשתאול,5
מסוף אורנית,5
מתן,5
נחשונים,5
עדי עד,5
בקוע,5
אזור תעשייה בראון,5
אחיה,5
בית נחמיה,5
אזור תעשייה חבל מודיעין שוהם,5
בית חשמונאי,5
נצר חזני,5
מצפה חגית,5
בית אל,5
אלפי מנשה,5
פארק תעשייה ראם,5
נווה ירק,5
צור נתן,5
כפר טרומן,5
אלישמע,5
מבוא חורון,5
כרמי יוסף,5
אריאל,5
ירושלים - כפר עקב,5
רטורנו - גבעת שמש,5
רבדים,5
כפר אוריה,5
נווה צוף,5
רמת גן - מזרח,5
חוות שחרית,5
יסודות,5
קריית ענבים,5
ראשון לציון - מערב,5
רמות השבים,5
ראשון לציון - מזרח,5
איירפורט סיטי,5
ג'לג'וליה,5
פתחיה,5
טל שחר,5
עדנים,5
אזור,5
מצפה דני,5
ראש העין,5
כפר תפוח,5
סלעית,5
אזור תעשייה אפק ולב הארץ,5
חוות נחלת צבי,5
הראל,5
אחיסמך,5
טלמון,5
גופנה,5
בית עריף,5
עלי,5
חורשים,5
כפר דניאל,5
כפר הנגיד,5
אזור תעשייה שער בנימין,5
משגב דב,5
חוות מלכיאל,5
נחליאל,5
שדמה,5
קריית אונו,5
עינת,5
מרכז אזורי דרום השרון,5
נילי,5
מעלה אפרים,5
פדיה,5
ירושלים - צפון,5
פתח תקווה,5
חגור,5
בני אדם,5
צובה,5
פדואל,5
בית אריה,5
בניה,5
מודיעין מכבים רעות,5
מגדלים,5
חוות צרידה,5
כוכב יעקב,5
גיבתון,5
ברקן,5
תל אביב - מרכז העיר,5
שילת,5
מתחם בני דרום,5
שערי תקווה,5
חולון,5
גבעת אסף,5
חוות מעלה אהוביה,5
כפר קאסם,5
עלי זהב - לשם,5
נחם,5
אזור תעשייה ברקן,5
אזור תעשייה גדרה,5
צור יצחק,5
בית חורון,5
מתחם פי גלילות,5
נטף,5
אעירה השחר,5
מודיעין - ישפרו סנטר,5
מצליח,5
כפר שמואל,5
בית דגן,5
מזכרת בתיה,5
בני ראם,5
שדה ורבורג,5
ברקת,5
עין נקובא,5
צופים,5
שואבה,5
חרשה,5
ירקונה,5
בצרה,5
בית חלקיה,5
חולדה,5
הרצליה - מערב,5
בת ים,5
תל מונד,5
קדרון,5
רמת מגרון,5
גאליה,5
חוות מגנזי,5
דולב,5
יקום,5
רעננה,5
אל פורעה,6
תל ערד,6
ואדי אל נעם דרום,6
באר שבע - מזרח,6
כסייפה,6
אבו תלול,6
מרעית,6
אום בטין,6
עומר,6
נבטים,6
שגב שלום,6
סעווה,6
תל שבע,6
אל סייד,6
ביריה,7
צפת - עיר,7
מסד,8
עילבון,8
מצפה נטופה,9
בועיינה-נוג'ידאת,9
