metric,value
wave_gap_minutes,8
broad_family_cutoff_zones,26
cluster_validation_selected_k,2
k2_silhouette_score,0.7650152687741825
k2_sse_reduction_from_k1,0.8480994134106512
k2_mean_pairwise_adjusted_rand,0.9966921754338822
primary_phase_start_date,2026-02-28
primary_phase_end_date_inclusive,2026-04-08
primary_phase_days,40
official_iran_reporting_days_in_phase,40
primary_phase_day_vs_mean_footprint_spearman_rho,-0.6000000000000001
primary_phase_day_vs_mean_footprint_p,4.274283922253209e-05
primary_phase_day_vs_daily_wave_count_spearman_rho,0.21283870860321916
primary_phase_day_vs_daily_wave_count_p,0.18730540113641414
primary_phase_day_vs_broad_fraction_spearman_rho,-0.37110017441372445
primary_phase_day_vs_broad_fraction_p,0.018398768661349277
primary_phase_day_vs_daily_broad_median_spearman_rho,-0.4967633008070672
primary_phase_day_vs_daily_broad_median_p,0.001111836149241033
early_7_days_mean_zones_per_wave,212.53896569380439
late_7_days_mean_zones_per_wave,61.74939792008757
early_to_late_footprint_reduction,0.7094678723098369
early_7_days_mean_waves_per_day,19.142857142857142
late_7_days_mean_waves_per_day,22.285714285714285
early_vs_late_footprint_mann_whitney_p,0.005536130536130536
all_adjacent_waves_observed_to_shuffled_overlap_ratio,1.4327426453616876
all_adjacent_waves_permutation_p,0.0004997501249375312
