day_index,date,waves,mean_zones_per_wave,median_zones_per_wave,mean_duration_minutes,broad_fraction,broad_wave_count,median_broad_wave_zones,missile_alert_rows
0,2026-02-28,18.0,500.77777777777777,385.0,9.5,1.0,18.0,385.0,13216
1,2026-03-01,15.0,399.26666666666665,218.0,8.2,0.8666666666666667,13.0,229.0,8797
2,2026-03-02,12.0,206.08333333333334,165.5,3.0833333333333335,0.6666666666666666,8.0,260.5,2514
3,2026-03-03,20.0,152.2,8.5,3.1,0.45,9.0,253.0,3496
4,2026-03-04,31.0,71.48387096774194,2.0,1.6129032258064515,0.25806451612903225,8.0,279.0,2255
5,2026-03-05,20.0,97.35,13.0,2.4,0.45,9.0,212.0,2124
6,2026-03-06,18.0,60.611111111111114,4.5,3.111111111111111,0.2777777777777778,5.0,226.0,1094
7,2026-03-07,36.0,75.08333333333333,5.5,2.7777777777777777,0.3055555555555556,11.0,264.0,2706
8,2026-03-08,26.0,93.5,5.5,2.1153846153846154,0.34615384615384615,9.0,255.0,2440
9,2026-03-09,27.0,103.66666666666667,7.0,2.185185185185185,0.4444444444444444,12.0,214.0,2742
10,2026-03-10,22.0,108.95454545454545,3.0,2.727272727272727,0.3181818181818182,7.0,318.0,3222
11,2026-03-11,18.0,122.83333333333333,49.0,3.7777777777777777,0.5,9.0,215.0,2491
12,2026-03-12,18.0,81.22222222222223,5.0,3.0,0.3888888888888889,7.0,261.0,1462
13,2026-03-13,24.0,68.875,2.5,2.0416666666666665,0.25,6.0,262.0,1731
14,2026-03-14,27.0,37.74074074074074,3.0,2.7037037037037037,0.18518518518518517,5.0,142.0,1085
15,2026-03-15,26.0,48.11538461538461,4.0,2.730769230769231,0.3076923076923077,8.0,141.0,1456
16,2026-03-16,23.0,82.26086956521739,3.0,2.5652173913043477,0.34782608695652173,8.0,208.5,2086
17,2026-03-17,19.0,93.10526315789474,19.0,2.8421052631578947,0.42105263157894735,8.0,150.5,1773
18,2026-03-18,22.0,79.0,41.5,3.272727272727273,0.5454545454545454,12.0,140.0,1740
19,2026-03-19,30.0,84.2,15.5,1.5666666666666667,0.4666666666666667,14.0,162.5,2686
20,2026-03-20,32.0,87.0625,6.5,2.125,0.375,12.0,176.5,3065
21,2026-03-21,28.0,28.107142857142858,5.5,2.357142857142857,0.17857142857142858,5.0,145.0,909
22,2026-03-22,28.0,45.32142857142857,3.0,2.8214285714285716,0.2857142857142857,8.0,137.5,1271
23,2026-03-23,21.0,38.23809523809524,2.0,0.42857142857142855,0.14285714285714285,3.0,277.0,911
24,2026-03-24,25.0,64.56,28.0,2.32,0.56,14.0,109.0,1631
25,2026-03-25,34.0,30.91176470588235,4.0,1.8529411764705883,0.14705882352941177,5.0,140.0,1213
26,2026-03-26,37.0,69.72972972972973,6.0,2.3513513513513513,0.32432432432432434,12.0,197.0,2623
27,2026-03-27,19.0,75.63157894736842,3.0,2.1578947368421053,0.3684210526315789,7.0,156.0,1485
28,2026-03-28,20.0,41.85,5.5,2.4,0.25,5.0,121.0,1016
29,2026-03-29,29.0,44.10344827586207,9.0,1.8275862068965518,0.3448275862068966,10.0,99.0,1281
30,2026-03-30,23.0,41.21739130434783,8.0,1.8695652173913044,0.21739130434782608,5.0,192.0,1054
31,2026-03-31,24.0,31.916666666666668,2.0,3.2083333333333335,0.16666666666666666,4.0,163.5,828
32,2026-04-01,27.0,60.48148148148148,4.0,2.2222222222222223,0.3333333333333333,9.0,150.0,2420
33,2026-04-02,32.0,54.28125,2.5,1.4375,0.21875,7.0,251.0,1743
34,2026-04-03,29.0,57.206896551724135,6.0,1.1379310344827587,0.2413793103448276,7.0,227.0,1799
35,2026-04-04,18.0,81.38888888888889,24.0,1.5,0.5,9.0,176.0,1492
36,2026-04-05,20.0,37.05,8.0,2.15,0.3,6.0,98.5,743
37,2026-04-06,20.0,70.7,4.0,2.5,0.3,6.0,212.0,2029
38,2026-04-07,32.0,41.21875,4.5,2.75,0.21875,7.0,233.0,1327
39,2026-04-08,5.0,90.4,82.0,1.6,0.6,3.0,180.0,452
40,2026-04-09,19.0,6.526315789473684,4.0,2.6842105263157894,0.05263157894736842,1.0,34.0,138
41,2026-04-10,24.0,7.333333333333333,3.5,1.5,0.041666666666666664,1.0,61.0,214
42,2026-04-11,12.0,8.25,7.5,3.5,0.0,0.0,,117
43,2026-04-12,15.0,4.066666666666666,2.0,1.0666666666666667,0.0,0.0,,64
44,2026-04-13,17.0,5.705882352941177,3.0,2.0588235294117645,0.0,0.0,,107
45,2026-04-14,10.0,6.8,2.5,5.0,0.0,0.0,,94
46,2026-04-15,12.0,5.333333333333333,2.5,0.8333333333333334,0.08333333333333333,1.0,27.0,73
47,2026-04-16,16.0,7.8125,5.0,1.0625,0.0625,1.0,35.0,134
48,2026-04-17,1.0,1.0,1.0,0.0,0.0,0.0,,1
49,2026-04-18,,,,,,,,0
50,2026-04-19,,,,,,,,0
51,2026-04-20,,,,,,,,0
52,2026-04-21,1.0,2.0,2.0,0.0,0.0,0.0,,2
53,2026-04-22,,,,,,,,0
54,2026-04-23,1.0,1.0,1.0,0.0,0.0,0.0,,1
55,2026-04-24,1.0,1.0,1.0,0.0,0.0,0.0,,1
56,2026-04-25,1.0,3.0,3.0,0.0,0.0,0.0,,3
57,2026-04-26,2.0,1.0,1.0,0.0,0.0,0.0,,2
58,2026-04-27,1.0,1.0,1.0,0.0,0.0,0.0,,1
59,2026-04-28,2.0,1.0,1.0,0.0,0.0,0.0,,2
60,2026-04-29,1.0,3.0,3.0,0.0,0.0,0.0,,3
61,2026-04-30,3.0,1.0,1.0,0.6666666666666666,0.0,0.0,,4
62,2026-05-01,1.0,4.0,4.0,0.0,0.0,0.0,,4
63,2026-05-02,,,,,,,,0
64,2026-05-03,3.0,1.0,1.0,0.0,0.0,0.0,,3
65,2026-05-04,1.0,2.0,2.0,5.0,0.0,0.0,,4
66,2026-05-05,,,,,,,,0
67,2026-05-06,1.0,1.0,1.0,0.0,0.0,0.0,,1
68,2026-05-07,1.0,2.0,2.0,0.0,0.0,0.0,,2
69,2026-05-08,1.0,33.0,33.0,0.0,1.0,1.0,33.0,33
70,2026-05-09,3.0,1.3333333333333333,1.0,0.6666666666666666,0.0,0.0,,4
71,2026-05-10,2.0,3.0,3.0,0.0,0.0,0.0,,6
72,2026-05-11,1.0,1.0,1.0,0.0,0.0,0.0,,1
73,2026-05-12,1.0,2.0,2.0,0.0,0.0,0.0,,2
74,2026-05-13,1.0,1.0,1.0,0.0,0.0,0.0,,1
75,2026-05-14,2.0,3.5,3.5,0.5,0.0,0.0,,7
76,2026-05-15,3.0,1.6666666666666667,2.0,3.6666666666666665,0.0,0.0,,8
77,2026-05-16,2.0,3.5,3.5,0.5,0.0,0.0,,8
78,2026-05-17,,,,,,,,0
79,2026-05-18,1.0,3.0,3.0,0.0,0.0,0.0,,3
80,2026-05-19,,,,,,,,0
81,2026-05-20,1.0,2.0,2.0,0.0,0.0,0.0,,2
82,2026-05-21,,,,,,,,0
83,2026-05-22,1.0,1.0,1.0,0.0,0.0,0.0,,1
84,2026-05-23,,,,,,,,0
85,2026-05-24,2.0,2.0,2.0,0.0,0.0,0.0,,4
86,2026-05-25,1.0,2.0,2.0,0.0,0.0,0.0,,2
87,2026-05-26,1.0,1.0,1.0,0.0,0.0,0.0,,1
88,2026-05-27,1.0,11.0,11.0,1.0,0.0,0.0,,21
89,2026-05-28,4.0,1.25,1.0,1.0,0.0,0.0,,6
90,2026-05-29,2.0,1.0,1.0,0.0,0.0,0.0,,2
91,2026-05-30,14.0,4.571428571428571,4.0,0.35714285714285715,0.0,0.0,,67
92,2026-05-31,14.0,4.714285714285714,3.0,0.5,0.0,0.0,,79
93,2026-06-01,11.0,6.818181818181818,3.0,0.45454545454545453,0.09090909090909091,1.0,35.0,78
94,2026-06-02,3.0,12.666666666666666,3.0,1.3333333333333333,0.3333333333333333,1.0,33.0,64
95,2026-06-03,2.0,2.0,2.0,0.0,0.0,0.0,,4
96,2026-06-04,3.0,2.6666666666666665,2.0,0.6666666666666666,0.0,0.0,,12
97,2026-06-05,1.0,10.0,10.0,1.0,0.0,0.0,,10
98,2026-06-06,,,,,,,,0
99,2026-06-07,4.0,180.25,192.0,2.5,0.75,3.0,230.0,931
100,2026-06-08,5.0,213.2,166.0,3.8,0.6,3.0,432.0,1119
101,2026-06-09,,,,,,,,0
102,2026-06-10,,,,,,,,0
103,2026-06-11,1.0,2.0,2.0,0.0,0.0,0.0,,2
104,2026-06-12,3.0,1.3333333333333333,1.0,0.0,0.0,0.0,,4
105,2026-06-13,2.0,1.0,1.0,0.0,0.0,0.0,,2
106,2026-06-14,2.0,2.5,2.5,0.5,0.0,0.0,,5
