gap_minutes,family_cutoff_zones,family,adjacent_pairs,observed_mean_jaccard,shuffled_mean_jaccard,shuffled_mean_jaccard_q025,shuffled_mean_jaccard_q975,absolute_jaccard_lift,observed_to_null_ratio,permutation_p_value
3,23,all,1107,0.07882875519281844,0.048157032216738116,0.040669935469637916,0.05643942465707364,0.030671722976080326,1.6369105728533588,0.001996007984031936
3,23,broad,164,0.19660872227584067,0.16455945239785957,0.13513136551889024,0.19714902927467312,0.032049269877981096,1.1947580002909512,0.033932135728542916
3,23,localized,560,0.09645443575694294,0.05554270666825047,0.0413400426189899,0.06989656839918687,0.04091172908869247,1.7365814801401924,0.001996007984031936
5,23,all,1023,0.075730324178086,0.049044937205914366,0.04108368102186548,0.05757398168632591,0.02668538697217164,1.5441007470380375,0.001996007984031936
5,23,broad,149,0.19739424229898608,0.16688693016676615,0.1359998832907217,0.2005466315962654,0.030507312132219938,1.182802284766906,0.041916167664670656
5,23,localized,502,0.09338693085031262,0.05664811889256659,0.042866922321867215,0.0716211648529154,0.03673881195774603,1.6485442531184726,0.001996007984031936
8,26,all,915,0.07052588793005973,0.049072281732411994,0.04071156129295207,0.05810587887321689,0.02145360619764774,1.43718379175097,0.001996007984031936
8,26,broad,139,0.19402008224892014,0.16245595301934565,0.13032710001743178,0.19305542644566684,0.031564129229574495,1.194293460122177,0.023952095808383235
8,26,localized,429,0.08352514490279976,0.05779629977596838,0.043145284885916985,0.07482062093150972,0.02572884512683138,1.4451642272353462,0.003992015968063872
10,26,all,855,0.06730914051995174,0.04944371685389192,0.04131462709819216,0.05759366551199105,0.017865423666059817,1.3613284923310445,0.001996007984031936
10,26,broad,141,0.1972565195248359,0.16406101159744743,0.12920113203881703,0.19883234076329565,0.03319550792738846,1.2023363601392358,0.033932135728542916
10,26,localized,381,0.07506022397779058,0.05746170068246674,0.04326799505154996,0.07299222928208861,0.01759852329532384,1.3062652703680535,0.015968063872255488
15,26,all,748,0.06413943848465047,0.050919620332805095,0.04293598591833861,0.06017041509444801,0.01321981815184537,1.2596213024653773,0.001996007984031936
15,26,broad,131,0.18407573146926426,0.17131383256779362,0.1386945899906615,0.20238545162138935,0.012761898901470642,1.0744942700200255,0.2315369261477046
15,26,localized,310,0.07288363271547632,0.05670299038842319,0.04029536010592801,0.07283418081214521,0.01618064232705313,1.2853578306225744,0.02594810379241517
