check_type,wave_id,start,end,duration_minutes,zone_count,burst_count,family,sample_localities,sample_localities_truncated
largest_footprint,1,2026-02-28 10:25:00,2026-02-28 10:55:00,30.0,1347,24,broad,אבו גוש; אבו סנאן; אבו קרינאת; אבו תלול; אבטליון; אביאל; אביבים; אביגדור; אביגיל; אביחיל; אביעזר; אבירים,True
largest_footprint,26,2026-03-01 13:28:00,2026-03-01 13:45:00,17.0,1135,16,broad,אבו גוש; אבו סנאן; אבטליון; אביאל; אביגדור; אביחיל; אביעזר; אבירים; אביתר; אבן יהודה; אבן ספיר; אבן שמואל,True
largest_footprint,24,2026-03-01 10:06:00,2026-03-01 10:27:00,21.0,1091,17,broad,אבו גוש; אבו סנאן; אבו קרינאת; אבו תלול; אבטליון; אביבים; אביגדור; אביחיל; אביעזר; אבירים; אביתר; אבן יהודה,True
largest_footprint,2,2026-02-28 11:06:00,2026-02-28 11:38:00,32.0,1087,33,broad,אבו גוש; אבו סנאן; אבו תלול; אבטליון; אביאל; אביבים; אביגדור; אביגיל; אביעזר; אבירים; אבן מנחם; אבן ספיר,True
largest_footprint,45,2026-03-03 00:29:00,2026-03-03 00:48:00,19.0,946,16,broad,אבו גוש; אבו סנאן; אבו קרינאת; אבו תלול; אבטליון; אביבים; אביגיל; אביחיל; אבירים; אביתר; אבן יהודה; אבן מנחם,True
largest_footprint,17,2026-02-28 22:37:00,2026-02-28 22:51:00,14.0,836,13,broad,אבו גוש; אבטליון; אביאל; אביחיל; אביתר; אבן יהודה; אבני חפץ; אודים; אודם; אור הגנוז; אור יהודה; אור עקיבא,True
largest_footprint,13,2026-02-28 17:35:00,2026-02-28 18:17:00,42.0,770,19,broad,אבו סנאן; אבו קרינאת; אבו תלול; אבטליון; אביאל; אביגיל; אביתר; אבן יהודה; אבני חפץ; אודים; אום אל פחם; אום בטין,True
largest_footprint,18,2026-03-01 01:37:00,2026-03-01 01:52:00,15.0,734,11,broad,אבו גוש; אבו סנאן; אבטליון; אביבים; אביגדור; אביעזר; אבירים; אביתר; אבן מנחם; אבן ספיר; אבן שמואל; אדמית,True
longest_duration,13,2026-02-28 17:35:00,2026-02-28 18:17:00,42.0,770,19,broad,אבו סנאן; אבו קרינאת; אבו תלול; אבטליון; אביאל; אביגיל; אביתר; אבן יהודה; אבני חפץ; אודים; אום אל פחם; אום בטין,True
longest_duration,21,2026-03-01 06:30:00,2026-03-01 07:09:00,39.0,712,26,broad,אבו גוש; אבו קרינאת; אבו תלול; אביגיל; אביחיל; אביתר; אבן יהודה; אבן ספיר; אבני חפץ; אבנת; אבשלום; אדורים,True
longest_duration,163,2026-03-07 20:54:00,2026-03-07 21:30:00,36.0,17,7,localized,אביבים; אזור תעשייה קריית ביאליק; אזור תעשייה שער נעמן; חיפה - מפרץ; חיפה - קריית חיים ושמואל; יערה; כפר מסריק; מטולה; מנרה; מרגליות; משגב עם; עין המפרץ,True
longest_duration,2,2026-02-28 11:06:00,2026-02-28 11:38:00,32.0,1087,33,broad,אבו גוש; אבו סנאן; אבו תלול; אבטליון; אביאל; אביבים; אביגדור; אביגיל; אביעזר; אבירים; אבן מנחם; אבן ספיר,True
longest_duration,1,2026-02-28 10:25:00,2026-02-28 10:55:00,30.0,1347,24,broad,אבו גוש; אבו סנאן; אבו קרינאת; אבו תלול; אבטליון; אביאל; אביבים; אביגדור; אביגיל; אביחיל; אביעזר; אבירים,True
just_below_family_cutoff,613,2026-03-25 20:00:00,2026-03-25 20:15:00,15.0,25,4,localized,איזור תעשייה מילואות צפון; בית הלל; גונן; גשר הזיו; חוף אכזיב; יפתח; כפר בלום; כפר גלעדי; לב החולה; להבות הבשן; לימן; מטולה,True
just_below_family_cutoff,684,2026-03-28 06:53:00,2026-03-28 06:53:00,0.0,25,1,localized,אבו קרינאת; אבו תלול; אזור תעשייה דימונה; אשל הנשיא; אתר דודאים; באר שבע - דרום; באר שבע - מזרח; באר שבע - מערב; באר שבע - צפון; גבעות בר; דימונה; ואדי אל נעם דרום,True
just_below_family_cutoff,103,2026-03-05 12:26:00,2026-03-05 12:27:00,1.0,22,2,localized,אזור תעשייה שער נעמן; איזור תעשייה מילואות צפון; בוסתן הגליל; בצת; ג'דידה מכר; גשר הזיו; זרעית; חוף אכזיב; כפר מסריק; לוחמי הגטאות; לימן; מנרה,True
just_below_family_cutoff,223,2026-03-10 00:36:00,2026-03-10 00:36:00,0.0,22,1,localized,אזור תעשייה צ.ח.ר; אזור תעשייה רמת דלתון; איילת השחר; אליפלט; ביריה; דלתון; חצור הגלילית; טובא זנגריה; כורזים ורד הגליל; כפר הנשיא; כרם בן זמרה; מחניים,True
just_below_family_cutoff,603,2026-03-25 14:19:00,2026-03-25 14:22:00,3.0,22,4,localized,אבו קרינאת; אבירים; אבן מנחם; אזור תעשייה דימונה; אזור תעשייה רותם; אל פורעה; בתי מלון ים המלח; גורן; גורנות הגליל; דימונה; הילה; זרעית,True
just_above_family_cutoff,377,2026-03-16 18:11:00,2026-03-16 18:19:00,8.0,26,4,broad,אבו סנאן; אשרת; בית העלמין החדש נהריה; בית העמק; בן עמי; בצת; ג'דידה מכר; ג'וליס; גשר הזיו; חוף אכזיב; טל - אל; ירכא,True
just_above_family_cutoff,1053,2026-04-15 08:32:00,2026-04-15 08:33:00,1.0,27,2,broad,אדמית; אילון; בוסתן הגליל; בית העלמין החדש נהריה; בית העמק; בן עמי; חניתה; יחיעם; יערה; כברי; כליל; לוחמי הגטאות,True
just_above_family_cutoff,264,2026-03-12 00:57:00,2026-03-12 00:58:00,1.0,28,2,broad,אזור תעשייה קריית ביאליק; אזור תעשייה שער נעמן; איזור תעשייה מילואות צפון; בוסתן הגליל; בית העלמין החדש נהריה; בית העלמין החדש עכו; בית העמק; בן עמי; ג'דידה מכר; גשר הזיו; חוף אכזיב; כפר מסריק,True
just_above_family_cutoff,505,2026-03-21 18:57:00,2026-03-21 19:08:00,11.0,28,5,broad,אבו קרינאת; אבו תלול; אבן מנחם; אזור תעשייה דימונה; אזור תעשייה רותם; אל פורעה; אשלים; ביר הדאג'; בתי מלון ים המלח; דימונה; ואדי אל נעם דרום; טללים,True
just_above_family_cutoff,565,2026-03-24 03:59:00,2026-03-24 03:59:00,0.0,28,1,broad,אביבים; אבן מנחם; אדמית; איזור תעשייה מילואות צפון; אילון; בצת; גורן; גורנות הגליל; גשר הזיו; זרעית; חוף אכזיב; חוף בצת,True
